url,label
http://linkedin.login.79226.xyz/account/login,1
https://paypal-official.loan/login-your-account,1
https://www.medium.com/careers,0
https://www.coursera.org/docs/getting-started,0
https://microsoft-official.review/confirm-your-account,1
http://irs.verify.e95b1.review/account/verify,1
https://python.org/help/account-recovery,0
http://d8fcdd-amazon.bid/wp-admin/confirm/session/91c07464/confirm.html?redirect=de40bf4cd2e7,1
https://netflix.com/pricing,0
https://reddit.com/about,0
http://192.59.115.201/fedex/suspended.php?id=2356ed,1
https://www.paypal.com/,0
https://spotify.com,0
http://107.124.147.80/chase/verify.php?id=9ad5cb,1
https://www.airbnb.com/support/contact,0
https://nytimes.com/news/technology/latest,0
https://figma.com/products/overview,0
https://www.quora.com/user/settings/profile,0
https://apple-official.top/account-your-account,1
http://linkedinunlockverify.loan/verify/unlock?token=85340c8ec8,1
https://www.shopify.com/news/technology/latest,0
http://200.22.186.231/fedex/login.php?id=46a376,1
https://cloudflare.com/news/technology/latest,0
https://dropbox.com/help/account-recovery,0
https://nasa.gov/watch?v=dQw4w9WgXcQ,0
http://32.205.95.112/amazon/webscr.php?id=035b42,1
http://instagramupdaterecover.gq/recover/update?token=daf96d2280,1
https://khanacademy.org/careers,0
https://www.slack.com/user/settings/profile,0
http://linkedin-update-0379.ga/update,1
http://amazon-login-af64.club/login,1
https://coursera.org/blog/2026/annual-report,0
http://dhlconfirmalert.review/alert/confirm?token=d3511e9e85,1
http://43.96.33.192/bankofamerica/login.php?id=eaf952,1
https://ebay.com/about,0
https://quora.com/user/settings/profile,0
https://www.amazon.com/blog/2026/annual-report,0
https://dropbox-official.bid/suspended-your-account,1
https://khanacademy.org/products/overview,0
https://www.bbc.co.uk/,0
http://paypal.login.c66c0.gdn/account/login,1
http://amazonalertbilling.xyz/billing/alert?token=989ded5c03,1
https://www.python.org,0
https://cloudflare.com/news/technology/latest,0
https://www.apple.com/products/overview,0
http://223.43.164.207/dhl/billing.php?id=8c638e,1
https://notion.so/search?q=quarterly+earnings,0
https://reddit.com/about,0
https://www.twitch.tv/support/contact,0
http://hmrc-billing-5b9f.work/billing,1
http://37.218.156.174/ebay/confirm.php?id=bc65fa,1
https://gov.uk/products/overview,0
https://www.linkedin.com/en-us/download,0
http://223.79.30.87/ebay/account.php?id=1113cc,1
https://cloudflare.com/products/overview,0
https://apple.com/search?q=quarterly+earnings,0
https://mozilla.org/user/settings/profile,0
https://www.airbnb.com/careers,0
https://shopify.com/pricing,0
http://dhlupdateaccount.click/account/update?token=ddac0e2579,1
https://twitch.tv/blog/2026/annual-report,0
https://nytimes.com/help/account-recovery,0
http://40.71.49.240/irs/recover.php?id=761185,1
http://dropbox.suspended.81bed.review/account/suspended,1
http://usps-update-9dab.club/update,1
https://khanacademy.org/blog/2026/annual-report,0
http://91.56.229.147/wellsfargo/confirm.php?id=64cf94,1
https://www.wordpress.com/blog/2026/annual-report,0
https://www.netflix.com/careers,0
http://73.211.89.201/facebook/alert.php?id=20e2a3,1
https://mozilla.org/help/account-recovery,0
http://applesuspendedrecover.work/recover/suspended?token=e2c3c0e46c,1
https://figma.com/support/contact,0
https://www.reddit.com/blog/2026/annual-report,0
https://www.mit.edu/news/technology/latest,0
http://bankofamericaloginconfirm.top/confirm/login?token=d649bc0eae,1
http://facebook-alert-6eaf.work/alert,1
http://paypal.update.32765.club/account/update,1
http://instagramaccountconfirm.xyz/confirm/account?token=25a7d50f35,1
http://ba74c2-hmrc.loan/wp-admin/update/session/79d9587a/update.html?redirect=f309581148e3,1
https://medium.com/support/contact,0
https://linkedin.com/watch?v=dQw4w9WgXcQ,0
http://bankofamerica-signin-7dac.club/signin,1
http://d63fcb-dropbox.ga/wp-admin/confirm/session/33847e49/confirm.html?redirect=50f6a11e0afd,1
https://www.airbnb.com/help/account-recovery,0
https://harvard.edu,0
https://www.nytimes.com/about,0
https://www.khanacademy.org/blog/2026/annual-report,0
http://b1fb51-dhl.cf/wp-admin/confirm/session/afc26566/confirm.html?redirect=0acc35521086,1
https://irs.gov/pricing,0
https://hmrc-official.bid/secure-your-account,1
https://www.figma.com/news/technology/latest,0
http://b6036d-chase.work/wp-admin/verify/session/59c80eb0/verify.html?redirect=a196c398ab4b,1
http://bankofamericaalertsignin.gq/signin/alert?token=3637cd5e20,1
https://quora.com/user/settings/profile,0
https://coursera.org/support/contact,0
http://122.215.162.25/fedex/unlock.php?id=6dfb02,1
https://www.gov.uk/user/settings/profile,0
https://khanacademy.org/search?q=quarterly+earnings,0
http://103.125.132.152/paypal/login.php?id=7793b9,1
https://mit.edu/careers,0
http://63.53.139.14/amazon/suspended.php?id=73a144,1
http://facebookverifywebscr.top/webscr/verify?token=e4c9b62c67,1
http://chase.recover.0e3e7.gdn/account/recover,1
https://ebay.com/,0
https://www.zoom.us/careers,0
http://821440-instagram.gq/wp-admin/recover/session/84aea9aa/recover.html?redirect=f796cca8d565,1
https://wellsfargo-official.gdn/webscr-your-account,1
https://www.netflix.com/pricing,0
https://airbnb.com/,0
http://paypal.suspended.b8772.tk/account/suspended,1
https://ebay.com/en-us/download,0
https://microsoft-official.xyz/unlock-your-account,1
http://dhlunlockbilling.ga/billing/unlock?token=e44f634939,1
http://66edda-netflix.review/wp-admin/account/session/ee5a1b47/account.html?redirect=a79339c71ef1,1
https://netflix-official.link/login-your-account,1
http://4c6dfe-linkedin.work/wp-admin/signin/session/941a2618/signin.html?redirect=243a251bd83f,1
http://irssecureunlock.bid/unlock/secure?token=9d2c611475,1
https://harvard.edu/,0
https://gov.uk/news/technology/latest,0
https://microsoft-official.loan/secure-your-account,1
http://40547b-hmrc.bid/wp-admin/webscr/session/1ea273e0/webscr.html?redirect=4161942998f5,1
http://76.114.133.91/ebay/signin.php?id=f52cec,1
https://www.mit.edu/support/contact,0
https://amazon.com/search?q=quarterly+earnings,0
http://linkedin.account.b82cf.loan/account/account,1
https://quora.com/support/contact,0
https://twitch.tv/careers,0
https://google.com/news/technology/latest,0
https://amazon-official.bid/confirm-your-account,1
http://df238c-usps.ga/wp-admin/webscr/session/82742fc2/webscr.html?redirect=b664b22f8c90,1
http://irs-suspended-7d13.cf/suspended,1
http://chaseaccountbilling.ml/billing/account?token=83cfdfb9af,1
http://google.alert.65b6b.click/account/alert,1
http://dropbox.verify.ddc9a.review/account/verify,1
http://f5408d-apple.ml/wp-admin/unlock/session/29466d55/unlock.html?redirect=8f3ce4d13df5,1
http://fedex.unlock.3c6de.loan/account/unlock,1
http://0a4a5b-hmrc.top/wp-admin/suspended/session/48196c57/suspended.html?redirect=9d630ebe9c38,1
https://gov.uk/support/contact,0
https://slack.com/pricing,0
https://mit.edu/watch?v=dQw4w9WgXcQ,0
http://chase.secure.b8b50.gq/account/secure,1
https://nasa.gov/,0
http://205.108.167.227/instagram/verify.php?id=668269,1
https://google.com/,0
https://www.yelp.com/pricing,0
https://notion.so/blog/2026/annual-report,0
https://ebay.com/watch?v=dQw4w9WgXcQ,0
http://uspssecuresecure.club/secure/secure?token=47f7a462cd,1
https://www.wikipedia.org/help/account-recovery,0
http://irsunlockupdate.xyz/update/unlock?token=e4456e5d41,1
https://salesforce.com/about,0
http://68.188.227.161/facebook/billing.php?id=dfc2e0,1
https://irs.gov/watch?v=dQw4w9WgXcQ,0
http://applewebscrsignin.click/signin/webscr?token=14988bc385,1
https://www.nasa.gov/en-us/download,0
https://www.ebay.com/about,0
https://www.zoom.us,0
https://cloudflare.com/,0
https://www.microsoft.com/en-us/download,0
http://212.24.203.155/microsoft/billing.php?id=ad67ba,1
http://chase.alert.1bf96.gq/account/alert,1
http://250.178.102.176/usps/recover.php?id=8ca9e4,1
https://instagram-official.loan/recover-your-account,1
https://cloudflare.com/support/contact,0
https://instagram-official.work/confirm-your-account,1
http://47041d-irs.click/wp-admin/unlock/session/41d17061/unlock.html?redirect=c99b7e08f65e,1
http://dhl-webscr-14d7.loan/webscr,1
https://ebay-official.loan/signin-your-account,1
https://www.linkedin.com/about,0
http://irs-verify-78b8.work/verify,1
http://bankofamerica.billing.4bb5e.loan/account/billing,1
http://usps.unlock.ddd35.gdn/account/unlock,1
http://bankofamericaupdatewebscr.xyz/webscr/update?token=3ff1c79098,1
https://microsoft-official.ml/confirm-your-account,1
https://khanacademy.org/blog/2026/annual-report,0
https://python.org/search?q=quarterly+earnings,0
http://53.59.52.214/bankofamerica/alert.php?id=090112,1
http://netflix-recover-db00.loan/recover,1
http://apple-secure-a60b.bid/secure,1
https://amazon-official.work/billing-your-account,1
https://wordpress.com/,0
https://www.microsoft.com/about,0
http://irs-confirm-8911.link/confirm,1
https://paypal.com/docs/getting-started,0
http://d33932-wellsfargo.bid/wp-admin/suspended/session/0a603b89/suspended.html?redirect=b5a8435da5f6,1
https://netflix.com,0
http://7e9c16-instagram.bid/wp-admin/login/session/cdd453e6/login.html?redirect=eecaf850e780,1
https://www.slack.com/news/technology/latest,0
http://bankofamerica-confirm-f6a3.gdn/confirm,1
http://linkedinconfirmbilling.work/billing/confirm?token=e8dd2991ea,1
https://twitch.tv/support/contact,0
https://www.slack.com/support/contact,0
https://wikipedia.org/docs/getting-started,0
https://cloudflare.com/about,0
https://facebook-official.gdn/alert-your-account,1
https://www.yelp.com/news/technology/latest,0
https://www.cloudflare.com/pricing,0
https://google.com/help/account-recovery,0
http://amazonsuspendedwebscr.work/webscr/suspended?token=dc9ea775b7,1
https://zoom.us/support/contact,0
http://6670f9-instagram.top/wp-admin/alert/session/e0657e3e/alert.html?redirect=eacae97ece78,1
https://www.ebay.com/help/account-recovery,0
https://www.cloudflare.com/blog/2026/annual-report,0
http://90c9cf-google.bid/wp-admin/verify/session/6598f459/verify.html?redirect=9926b0108160,1
http://133.156.131.49/netflix/update.php?id=c13a30,1
https://salesforce.com/careers,0
https://fedex-official.loan/secure-your-account,1
https://coursera.org,0
https://irs.gov/,0
http://chase-verify-ea22.gq/verify,1
https://www.booking.com/pricing,0
http://dhl-recover-22f6.bid/recover,1
http://hmrcunlockbilling.cf/billing/unlock?token=f7a1befebe,1
http://6ebaf9-wellsfargo.xyz/wp-admin/billing/session/9fc94142/billing.html?redirect=b1661c888c98,1
http://chase-billing-99f1.click/billing,1
http://24.38.217.192/paypal/webscr.php?id=d00f5a,1
https://coursera.org/products/overview,0
https://airbnb.com/blog/2026/annual-report,0
http://156.165.50.150/paypal/signin.php?id=185c4b,1
http://uspssecureupdate.work/update/secure?token=679193c6be,1
https://www.quora.com/help/account-recovery,0
https://www.linkedin.com/pricing,0
http://e2b10d-netflix.gdn/wp-admin/confirm/session/a554c2e7/confirm.html?redirect=34ba512f2ad6,1
http://dropbox-confirm-dab6.review/confirm,1
http://157.15.250.92/ebay/account.php?id=441566,1
https://figma.com/,0
http://189.37.126.168/amazon/signin.php?id=08e1cb,1
https://apple.com/,0
https://fedex-official.cf/confirm-your-account,1
https://dhl-official.xyz/webscr-your-account,1
https://chase-official.work/account-your-account,1
https://spotify.com/support/contact,0
http://usps.confirm.0820a.ga/account/confirm,1
http://08bd63-amazon.work/wp-admin/recover/session/8bab6015/recover.html?redirect=10ca7aa40c1d,1
https://www.nytimes.com/about,0
https://chase-official.click/verify-your-account,1
http://netflix.login.02872.bid/account/login,1
http://amazon.recover.beb34.gdn/account/recover,1
http://netflix.signin.b184e.gq/account/signin,1
https://wellsfargo-official.work/unlock-your-account,1
http://hmrc-update-0205.click/update,1
https://google-official.gdn/suspended-your-account,1
https://dropbox.com/support/contact,0
https://facebook-official.ga/recover-your-account,1
http://82.198.94.205/linkedin/unlock.php?id=a3b067,1
https://ebay-official.gdn/webscr-your-account,1
https://irs.gov/blog/2026/annual-report,0
https://www.mozilla.org,0
https://google-official.ga/billing-your-account,1
http://b196d1-linkedin.link/wp-admin/confirm/session/9ca54e67/confirm.html?redirect=5f9caca20bb6,1
http://c26165-linkedin.click/wp-admin/account/session/599ae8f1/account.html?redirect=c20eff5d174d,1
https://www.nasa.gov/,0
http://184.199.242.118/fedex/account.php?id=f89fec,1
https://wordpress.com/help/account-recovery,0
https://www.reddit.com/news/technology/latest,0
http://apple.alert.9d84d.bid/account/alert,1
https://quora.com/blog/2026/annual-report,0
http://linkedin.verify.2329e.ml/account/verify,1
https://booking.com,0
http://apple.secure.09c8b.xyz/account/secure,1
http://b90941-ebay.ga/wp-admin/confirm/session/aacd9ecc/confirm.html?redirect=d218328bdfb3,1
http://dhlsuspendedrecover.link/recover/suspended?token=c387c93ee3,1
https://python.org/user/settings/profile,0
https://instagram-official.gdn/billing-your-account,1
http://531ca9-ebay.ga/wp-admin/update/session/3f8a88e6/update.html?redirect=f58ac64b3720,1
https://coursera.org/docs/getting-started,0
http://239.125.122.194/paypal/recover.php?id=bd0a62,1
https://amazon.com/blog/2026/annual-report,0
https://www.gov.uk/support/contact,0
https://zoom.us/pricing,0
https://www.quora.com,0
https://www.yelp.com/support/contact,0
https://khanacademy.org/watch?v=dQw4w9WgXcQ,0
https://cloudflare.com/support/contact,0
https://gov.uk/support/contact,0
https://github.com,0
https://irs.gov/pricing,0
http://37f91a-hmrc.link/wp-admin/login/session/d29c5972/login.html?redirect=9d5a2fbe48e5,1
http://240.229.79.228/dropbox/confirm.php?id=9aee7b,1
http://amazonupdateverify.ml/verify/update?token=556be8558c,1
https://instagram-official.work/billing-your-account,1
https://www.adobe.com/docs/getting-started,0
https://www.python.org/pricing,0
https://www.salesforce.com/news/technology/latest,0
https://ebay.com/search?q=quarterly+earnings,0
http://5f389d-microsoft.gdn/wp-admin/update/session/e54ed087/update.html?redirect=a1943fc25751,1
https://yelp.com/en-us/download,0
http://1bd749-dhl.link/wp-admin/update/session/deaf7990/update.html?redirect=343bc1bf7fb6,1
http://a69cd0-fedex.top/wp-admin/verify/session/dffa84db/verify.html?redirect=e0fc2bcd35f7,1
https://dhl-official.top/verify-your-account,1
https://adobe.com/user/settings/profile,0
http://hmrc-login-98f3.xyz/login,1
https://adobe.com/docs/getting-started,0
https://www.python.org/search?q=quarterly+earnings,0
http://bankofamerica.unlock.2a48e.tk/account/unlock,1
https://www.linkedin.com/about,0
http://dhl.signin.bbbe4.review/account/signin,1
https://www.coursera.org/about,0
https://zoom.us/help/account-recovery,0
http://chase.billing.2d799.review/account/billing,1
http://172.192.119.125/linkedin/update.php?id=ba2de4,1
http://instagram.account.309ad.link/account/account,1
http://2dbf46-usps.work/wp-admin/confirm/session/f569e2ae/confirm.html?redirect=ee62b5178f85,1
https://linkedin.com/watch?v=dQw4w9WgXcQ,0
https://www.mit.edu/pricing,0
http://irsrecoverlogin.bid/login/recover?token=0e5f178ba8,1
http://applesuspendedaccount.link/account/suspended?token=66297897fe,1
https://www.microsoft.com/watch?v=dQw4w9WgXcQ,0
http://instagram-signin-1d19.ml/signin,1
http://apple-secure-207a.link/secure,1
http://ebaysigninverify.gdn/verify/signin?token=9656d91f8c,1
https://google-official.link/unlock-your-account,1
https://irs.gov/support/contact,0
https://usps-official.cf/confirm-your-account,1
https://medium.com/search?q=quarterly+earnings,0
http://e5a9d3-usps.work/wp-admin/alert/session/7cde5348/alert.html?redirect=0959d884c3bd,1
https://www.reddit.com/careers,0
https://microsoft.com/support/contact,0
https://www.gov.uk/,0
https://irs.gov/,0
http://36.174.142.30/hmrc/confirm.php?id=e84d9b,1
https://www.amazon.com/about,0
http://bankofamerica.secure.2f87d.gdn/account/secure,1
http://202.135.82.179/google/secure.php?id=f79b56,1
http://0de99f-chase.tk/wp-admin/confirm/session/fbb53072/confirm.html?redirect=48bdbffa9dc1,1
http://netflix.confirm.88290.xyz/account/confirm,1
http://usps.secure.47887.top/account/secure,1
http://dhl-suspended-4faa.gq/suspended,1
http://42.27.117.225/chase/recover.php?id=844374,1
https://reddit.com/help/account-recovery,0
https://notion.so/pricing,0
http://linkedinwebscraccount.review/account/webscr?token=e3b3c58290,1
https://www.shopify.com/products/overview,0
https://nasa.gov/products/overview,0
http://bankofamericasecurelogin.click/login/secure?token=13b213f89d,1
http://instagram.unlock.efefb.top/account/unlock,1
http://amazonalertsecure.club/secure/alert?token=b769d891ca,1
http://amazon-billing-2650.gq/billing,1
https://ebay-official.link/signin-your-account,1
http://bf2f94-dropbox.gdn/wp-admin/verify/session/8ec47e2d/verify.html?redirect=4be925732247,1
http://irs.login.110fc.ml/account/login,1
https://google.com/en-us/download,0
http://instagram-signin-382e.top/signin,1
http://facebook.unlock.dc980.gq/account/unlock,1
https://www.reddit.com/about,0
https://www.booking.com/about,0
https://www.bbc.co.uk/search?q=quarterly+earnings,0
https://www.slack.com/about,0
https://www.nytimes.com/blog/2026/annual-report,0
http://amazonsigninlogin.gq/login/signin?token=e701a65995,1
http://606fa5-instagram.loan/wp-admin/webscr/session/ac5ade38/webscr.html?redirect=05ba003f12f4,1
https://amazon.com/products/overview,0
http://434ef7-linkedin.ml/wp-admin/unlock/session/94f51f63/unlock.html?redirect=3efa6bf41d9e,1
https://www.khanacademy.org/watch?v=dQw4w9WgXcQ,0
http://instagram.unlock.395c4.work/account/unlock,1
http://googlesigninverify.work/verify/signin?token=a3864bd572,1
https://www.bbc.co.uk/about,0
http://applewebscrrecover.review/recover/webscr?token=c625894ac8,1
http://wellsfargounlocklogin.gq/login/unlock?token=720aada604,1
https://www.slack.com/news/technology/latest,0
http://apple-account-89d9.xyz/account,1
http://60.139.89.163/usps/billing.php?id=01ea7a,1
http://microsoft.verify.bfd79.review/account/verify,1
https://wordpress.com/careers,0
https://www.zoom.us/user/settings/profile,0
https://shopify.com/blog/2026/annual-report,0
https://www.coursera.org/news/technology/latest,0
https://microsoft.com/support/contact,0
http://c10f43-wellsfargo.top/wp-admin/alert/session/cda97a42/alert.html?redirect=1d914b41c8d8,1
https://ebay.com/blog/2026/annual-report,0
http://fedex.account.42e31.ga/account/account,1
https://fedex-official.review/unlock-your-account,1
http://177.30.107.114/amazon/signin.php?id=2bbdab,1
https://www.bbc.co.uk/news/technology/latest,0
https://facebook-official.loan/recover-your-account,1
https://khanacademy.org/docs/getting-started,0
http://178.167.233.183/irs/secure.php?id=808c24,1
https://www.yelp.com/watch?v=dQw4w9WgXcQ,0
https://wikipedia.org/products/overview,0
https://www.yelp.com/user/settings/profile,0
https://www.mozilla.org/search?q=quarterly+earnings,0
https://www.nytimes.com/support/contact,0
https://stackoverflow.com/user/settings/profile,0
http://usps-login-88e9.review/login,1
https://www.nytimes.com,0
http://dhlaccountwebscr.link/webscr/account?token=a8eacc446f,1
https://quora.com/news/technology/latest,0
http://205.118.247.216/instagram/webscr.php?id=b2edb8,1
http://facebook.billing.d7f29.xyz/account/billing,1
https://www.reddit.com/blog/2026/annual-report,0
http://irs-recover-252c.loan/recover,1
http://dhl-webscr-89b3.xyz/webscr,1
http://110.72.143.68/irs/verify.php?id=cffd6b,1
https://ebay.com/en-us/download,0
https://www.bbc.co.uk/news/technology/latest,0
http://instagramsigninsignin.ga/signin/signin?token=079be04964,1
https://spotify.com/help/account-recovery,0
https://www.khanacademy.org/,0
https://www.harvard.edu/en-us/download,0
https://twitch.tv/support/contact,0
https://www.figma.com/careers,0
http://usps.recover.878ca.cf/account/recover,1
http://instagram-recover-f1ff.ml/recover,1
https://gov.uk/help/account-recovery,0
http://155.149.244.170/paypal/alert.php?id=e28e21,1
https://www.cloudflare.com/products/overview,0
http://62a0cb-facebook.tk/wp-admin/alert/session/75cbc9b3/alert.html?redirect=7fe756866ce5,1
https://wordpress.com/user/settings/profile,0
https://quora.com/support/contact,0
https://www.cloudflare.com/search?q=quarterly+earnings,0
https://www.python.org/support/contact,0
https://ebay.com/user/settings/profile,0
https://ebay.com/,0
https://linkedin.com/,0
http://chasewebscrsuspended.click/suspended/webscr?token=85603cb46e,1
https://stackoverflow.com/news/technology/latest,0
https://www.booking.com/help/account-recovery,0
http://fedex.secure.d095f.club/account/secure,1
https://slack.com/docs/getting-started,0
http://microsoftwebscrverify.work/verify/webscr?token=70d82dbcc2,1
http://f71f78-facebook.click/wp-admin/signin/session/6fd6b1f2/signin.html?redirect=3c097d5cd478,1
http://430c75-netflix.ga/wp-admin/confirm/session/f661aa1c/confirm.html?redirect=802fb672ec5f,1
http://b7d440-bankofamerica.ga/wp-admin/alert/session/067d10d5/alert.html?redirect=4fa64a6081c2,1
http://irs-verify-00eb.ga/verify,1
http://chaseloginlogin.ga/login/login?token=8f8c45c33f,1
https://reddit.com/user/settings/profile,0
https://www.nasa.gov/search?q=quarterly+earnings,0
http://hmrc-recover-d6bc.tk/recover,1
http://googleaccountwebscr.top/webscr/account?token=d0fa8083c7,1
http://128.106.226.141/chase/verify.php?id=28eb13,1
http://usps.verify.cdf4e.loan/account/verify,1
http://facebookwebscrunlock.ga/unlock/webscr?token=3f21953be5,1
https://www.apple.com/help/account-recovery,0
https://notion.so/watch?v=dQw4w9WgXcQ,0
https://dropbox-official.xyz/login-your-account,1
http://3bc48b-dhl.tk/wp-admin/login/session/d3a30400/login.html?redirect=3248d2ef2dad,1
https://reddit.com/,0
http://932766-netflix.tk/wp-admin/alert/session/b041953f/alert.html?redirect=f3d9e2f4c151,1
http://wellsfargosuspendedunlock.cf/unlock/suspended?token=f96c407741,1
https://www.wikipedia.org/careers,0
http://249.29.87.234/netflix/suspended.php?id=b796f5,1
https://www.quora.com/help/account-recovery,0
https://python.org/search?q=quarterly+earnings,0
http://hmrc.account.ba263.top/account/account,1
http://dhl.confirm.526c5.top/account/confirm,1
https://www.booking.com/news/technology/latest,0
https://yelp.com,0
https://mozilla.org/user/settings/profile,0
https://www.airbnb.com/blog/2026/annual-report,0
http://46.246.223.122/irs/suspended.php?id=da1598,1
https://coursera.org/docs/getting-started,0
http://f6bc73-irs.review/wp-admin/verify/session/48824f0f/verify.html?redirect=c2d7aa6daf98,1
https://www.cloudflare.com/pricing,0
https://www.cloudflare.com/watch?v=dQw4w9WgXcQ,0
http://googleverifylogin.ml/login/verify?token=3b04ec156b,1
https://www.python.org/search?q=quarterly+earnings,0
http://28a7b4-paypal.link/wp-admin/alert/session/772d895b/alert.html?redirect=1b2784a604ca,1
https://airbnb.com/help/account-recovery,0
http://microsoft.alert.24700.click/account/alert,1
http://61.167.71.54/facebook/login.php?id=ae4555,1
https://www.mozilla.org/docs/getting-started,0
https://harvard.edu/pricing,0
http://189.87.203.76/chase/webscr.php?id=4f82fa,1
https://www.notion.so/,0
https://www.shopify.com/en-us/download,0
https://usps-official.review/verify-your-account,1
https://www.quora.com/blog/2026/annual-report,0
https://www.coursera.org/about,0
https://www.booking.com/help/account-recovery,0
https://www.python.org/support/contact,0
http://159.116.233.64/chase/signin.php?id=7ea321,1
https://medium.com/support/contact,0
https://microsoft-official.tk/update-your-account,1
http://dropboxwebscrbilling.loan/billing/webscr?token=b4ceb26c9f,1
http://ebay-recover-a2d1.cf/recover,1
https://mozilla.org,0
http://385c08-fedex.bid/wp-admin/recover/session/cc6f3cdf/recover.html?redirect=2de9e0a37e95,1
https://google.com/watch?v=dQw4w9WgXcQ,0
https://www.microsoft.com/docs/getting-started,0
https://dropbox-official.click/verify-your-account,1
https://notion.so/news/technology/latest,0
http://usps.alert.7fe00.review/account/alert,1
http://hmrc.suspended.f9bcb.cf/account/suspended,1
http://184.50.247.73/usps/account.php?id=f1cda0,1
https://netflix-official.top/alert-your-account,1
https://www.medium.com/news/technology/latest,0
https://www.amazon.com/blog/2026/annual-report,0
https://www.notion.so/en-us/download,0
https://www.microsoft.com/search?q=quarterly+earnings,0
https://airbnb.com/about,0
https://cloudflare.com/,0
https://www.python.org,0
http://facebooksecureunlock.loan/unlock/secure?token=8411533e61,1
http://164f8a-wellsfargo.link/wp-admin/webscr/session/c9c0be0e/webscr.html?redirect=cf01c783f017,1
https://quora.com/,0
http://instagram.update.69e27.top/account/update,1
http://wellsfargo-webscr-d4a3.club/webscr,1
http://microsoft-verify-d657.review/verify,1
http://google-webscr-18c4.cf/webscr,1
http://234.125.2.40/paypal/login.php?id=90ce7d,1
https://wikipedia.org/products/overview,0
http://dropbox-account-d73a.link/account,1
https://irs-official.click/verify-your-account,1
https://netflix.com/user/settings/profile,0
https://irs-official.link/verify-your-account,1
https://www.gov.uk/help/account-recovery,0
http://hmrcalertlogin.cf/login/alert?token=002396e700,1
http://linkedinwebscralert.review/alert/webscr?token=c1a69d5436,1
https://www.mozilla.org/blog/2026/annual-report,0
https://www.yelp.com/about,0
https://chase-official.ga/secure-your-account,1
http://netflixsuspendedalert.work/alert/suspended?token=d089bf5d7d,1
https://apple.com/products/overview,0
https://reddit.com/en-us/download,0
https://www.wordpress.com/help/account-recovery,0
http://facebooksigninbilling.gq/billing/signin?token=9c4e90e0aa,1
https://coursera.org/products/overview,0
https://mozilla.org/news/technology/latest,0
https://nasa.gov/blog/2026/annual-report,0
http://fedexsecureverify.work/verify/secure?token=6296534bab,1
https://microsoft.com/support/contact,0
https://www.mit.edu/careers,0
http://b3a39c-hmrc.ga/wp-admin/unlock/session/ec22e222/unlock.html?redirect=adfe85f219fb,1
http://4390eb-irs.ml/wp-admin/login/session/e072558d/login.html?redirect=7c97af2e3bb0,1
https://dropbox.com/about,0
https://notion.so/,0
https://bbc.co.uk/docs/getting-started,0
https://yelp.com/search?q=quarterly+earnings,0
https://zoom.us/careers,0
http://netflixaccountalert.top/alert/account?token=5dca3852de,1
https://paypal.com/products/overview,0
http://155.155.131.242/chase/secure.php?id=8c6094,1
http://irssigninrecover.top/recover/signin?token=4a6dacbc5d,1
http://fedexsuspendedbilling.review/billing/suspended?token=01c85cdb0e,1
https://www.ebay.com/blog/2026/annual-report,0
http://amazonsecuresignin.review/signin/secure?token=eb376345a2,1
http://netflix-secure-afd3.work/secure,1
http://hmrc.webscr.65d7e.gq/account/webscr,1
http://hmrc-unlock-1eaf.tk/unlock,1
https://medium.com/search?q=quarterly+earnings,0
https://bankofamerica-official.top/confirm-your-account,1
https://booking.com/watch?v=dQw4w9WgXcQ,0
https://chase-official.club/account-your-account,1
https://bbc.co.uk/help/account-recovery,0
http://usps-suspended-7d7e.review/suspended,1
http://facebook-signin-4e74.ml/signin,1
http://af0449-instagram.top/wp-admin/account/session/9be9e848/account.html?redirect=7b34a045ce2a,1
https://www.wikipedia.org/search?q=quarterly+earnings,0
http://linkedinrecoverunlock.review/unlock/recover?token=a9e6110918,1
http://ebbe37-irs.cf/wp-admin/verify/session/53ee9343/verify.html?redirect=5aeb1b75000c,1
https://www.netflix.com/help/account-recovery,0
https://www.salesforce.com/products/overview,0
https://ebay.com/user/settings/profile,0
http://bc3c0d-amazon.gq/wp-admin/unlock/session/d16001f7/unlock.html?redirect=d587dff64f85,1
https://netflix.com/help/account-recovery,0
http://chasewebscrlogin.gdn/login/webscr?token=95fa9d68cd,1
http://96.204.253.87/apple/signin.php?id=82ded6,1
http://dropbox-update-d4eb.loan/update,1
http://bankofamericaconfirmalert.bid/alert/confirm?token=ba3d4389e8,1
https://irs.gov/search?q=quarterly+earnings,0
http://3b6cb4-usps.click/wp-admin/login/session/577d1a6b/login.html?redirect=3b4e41eb68c1,1
http://66.139.186.73/irs/update.php?id=1b46d6,1
https://coursera.org/blog/2026/annual-report,0
http://hmrcunlockalert.bid/alert/unlock?token=ee888e4c76,1
https://yelp.com/help/account-recovery,0
http://bankofamerica-suspended-39d5.loan/suspended,1
https://www.spotify.com/,0
http://63d017-paypal.tk/wp-admin/account/session/9be2cb17/account.html?redirect=58cde6cb7e13,1
https://www.gov.uk/,0
http://wellsfargoaccountlogin.gq/login/account?token=1b05698bb4,1
https://microsoft.com/en-us/download,0
http://paypal-update-7edf.work/update,1
https://nytimes.com/support/contact,0
https://ebay-official.club/login-your-account,1
https://coursera.org/products/overview,0
http://paypalunlockaccount.gdn/account/unlock?token=0e4f4baeed,1
https://reddit.com/blog/2026/annual-report,0
http://facebook-update-0b43.tk/update,1
https://airbnb.com/en-us/download,0
https://linkedin.com/pricing,0
https://reddit.com/support/contact,0
https://microsoft.com/help/account-recovery,0
http://hmrc-update-8303.xyz/update,1
https://dropbox.com/user/settings/profile,0
https://dropbox.com/docs/getting-started,0
https://www.paypal.com,0
http://d09634-amazon.club/wp-admin/update/session/fbd29305/update.html?redirect=b0d174af2d61,1
https://cloudflare.com/blog/2026/annual-report,0
https://linkedin.com/user/settings/profile,0
https://ebay-official.top/recover-your-account,1
https://dhl-official.club/update-your-account,1
http://182.9.70.106/linkedin/recover.php?id=f6fd34,1
https://slack.com/support/contact,0
https://mit.edu/,0
https://www.notion.so,0
https://amazon-official.ml/signin-your-account,1
http://linkedin.alert.2cdbb.xyz/account/alert,1
https://www.netflix.com/en-us/download,0
https://linkedin-official.club/suspended-your-account,1
https://www.github.com/docs/getting-started,0
https://www.mozilla.org,0
https://amazon.com/search?q=quarterly+earnings,0
https://www.nasa.gov/,0
https://wikipedia.org/news/technology/latest,0
http://08de3a-hmrc.click/wp-admin/unlock/session/6464847e/unlock.html?redirect=34094f643914,1
https://www.irs.gov/,0
https://mit.edu/docs/getting-started,0
https://www.apple.com,0
http://facebook-recover-16d4.top/recover,1
http://bankofamerica.billing.8939a.ml/account/billing,1
http://instagram.suspended.580a6.xyz/account/suspended,1
http://117.157.156.15/ebay/alert.php?id=1b1c7d,1
https://www.slack.com/docs/getting-started,0
https://www.wikipedia.org/search?q=quarterly+earnings,0
https://amazon.com/careers,0
http://1d6a84-netflix.link/wp-admin/suspended/session/e3198e3e/suspended.html?redirect=b43d290936b4,1
https://www.notion.so/user/settings/profile,0
http://netflixwebscrwebscr.click/webscr/webscr?token=f2f48c166e,1
http://wellsfargo.confirm.8029c.xyz/account/confirm,1
https://reddit.com/news/technology/latest,0
https://www.amazon.com/watch?v=dQw4w9WgXcQ,0
http://apple-account-4c83.work/account,1
http://usps-account-2f43.work/account,1
https://paypal.com/products/overview,0
http://dropbox-login-9e95.loan/login,1
https://netflix-official.loan/billing-your-account,1
http://ebay.confirm.39c52.cf/account/confirm,1
https://www.quora.com,0
http://194.167.241.32/ebay/suspended.php?id=b525db,1
http://instagram.suspended.d09c8.review/account/suspended,1
http://uspssecureaccount.gdn/account/secure?token=c3456c7c39,1
https://adobe.com/,0
https://gov.uk,0
https://wikipedia.org/support/contact,0
https://ebay.com/user/settings/profile,0
http://linkedin-account-ceb8.gdn/account,1
https://quora.com/news/technology/latest,0
https://www.coursera.org/,0
http://hmrcbillingalert.xyz/alert/billing?token=176b646bd8,1
https://gov.uk/,0
https://www.nasa.gov/blog/2026/annual-report,0
https://www.bbc.co.uk/careers,0
https://paypal-official.ga/confirm-your-account,1
https://reddit.com/watch?v=dQw4w9WgXcQ,0
https://irs.gov/support/contact,0
https://google-official.ga/update-your-account,1
http://facebook-unlock-48be.gdn/unlock,1
https://www.dropbox.com/watch?v=dQw4w9WgXcQ,0
http://bankofamerica.alert.20af7.gdn/account/alert,1
http://microsoft.verify.a2111.link/account/verify,1
http://dhl.signin.1e777.gdn/account/signin,1
http://chase-verify-3c9d.link/verify,1
https://nytimes.com/,0
https://slack.com/,0
https://ebay.com/support/contact,0
http://186a62-microsoft.bid/wp-admin/suspended/session/3c130f84/suspended.html?redirect=7b2c99747df2,1
http://1d0e19-bankofamerica.xyz/wp-admin/webscr/session/a558ecc3/webscr.html?redirect=6977ce4c885e,1
http://irs-account-320b.cf/account,1
https://slack.com/,0
https://harvard.edu/docs/getting-started,0
https://zoom.us/products/overview,0
http://ebay.signin.cb7e9.cf/account/signin,1
https://spotify.com/en-us/download,0
https://wellsfargo-official.ml/update-your-account,1
https://linkedin-official.link/verify-your-account,1
https://www.ebay.com/products/overview,0
https://stackoverflow.com/help/account-recovery,0
http://chase.confirm.7aa9e.link/account/confirm,1
http://applerecoverlogin.work/login/recover?token=18e92ffadf,1
https://www.spotify.com/en-us/download,0
https://github.com/,0
http://ebay.webscr.cbe59.gq/account/webscr,1
https://www.paypal.com/careers,0
http://instagram.suspended.aca7d.work/account/suspended,1
https://www.figma.com/en-us/download,0
https://salesforce.com/pricing,0
http://609e34-apple.work/wp-admin/recover/session/74ddcbef/recover.html?redirect=b0d90db692b5,1
https://reddit.com/support/contact,0
https://figma.com/docs/getting-started,0
http://af9adc-linkedin.gq/wp-admin/alert/session/7737ff5f/alert.html?redirect=e09fd80f0bf0,1
https://www.nytimes.com/products/overview,0
https://microsoft.com/about,0
https://www.paypal.com/en-us/download,0
https://cloudflare.com/en-us/download,0
http://irssecurealert.link/alert/secure?token=30ca147449,1
http://228.209.254.8/dropbox/account.php?id=312b26,1
https://www.adobe.com/pricing,0
http://c40770-irs.review/wp-admin/account/session/88a5ee3a/account.html?redirect=954177634abe,1
http://amazonsuspendedupdate.work/update/suspended?token=6b6b038633,1
https://linkedin-official.review/secure-your-account,1
https://www.coursera.org/docs/getting-started,0
https://linkedin.com/user/settings/profile,0
http://ebay.confirm.5e498.club/account/confirm,1
http://facebook.signin.fb4fa.loan/account/signin,1
https://amazon.com/products/overview,0
https://wikipedia.org/products/overview,0
https://spotify.com/help/account-recovery,0
https://netflix.com/,0
https://salesforce.com/pricing,0
http://bankofamerica-confirm-dae6.gdn/confirm,1
https://airbnb.com/careers,0
http://c27e0c-bankofamerica.club/wp-admin/signin/session/205f7e47/signin.html?redirect=6a1c2dd7c4c5,1
https://facebook-official.work/suspended-your-account,1
https://microsoft.com,0
https://bbc.co.uk/docs/getting-started,0
http://uspsaccountlogin.xyz/login/account?token=2f212945f9,1
https://harvard.edu/careers,0
https://netflix-official.gq/billing-your-account,1
https://www.mit.edu/help/account-recovery,0
http://google.update.c85c0.tk/account/update,1
http://647956-bankofamerica.work/wp-admin/secure/session/6c3306de/secure.html?redirect=4b38fe893e00,1
http://apple-account-0404.tk/account,1
http://fdf443-apple.cf/wp-admin/suspended/session/25d5eae3/suspended.html?redirect=5974fd0e10d7,1
https://www.harvard.edu/search?q=quarterly+earnings,0
https://coursera.org/news/technology/latest,0
https://www.nasa.gov/watch?v=dQw4w9WgXcQ,0
https://mit.edu/careers,0
https://hmrc-official.review/recover-your-account,1
https://apple.com/en-us/download,0
https://wordpress.com/watch?v=dQw4w9WgXcQ,0
https://chase-official.link/update-your-account,1
https://facebook-official.gq/update-your-account,1
https://microsoft.com/about,0
https://cloudflare.com/user/settings/profile,0
https://linkedin-official.gdn/login-your-account,1
http://dhlloginlogin.work/login/login?token=34d2286914,1
http://878651-ebay.ga/wp-admin/unlock/session/f7a91275/unlock.html?redirect=bb95d9ce28cc,1
https://usps-official.loan/update-your-account,1
https://www.zoom.us/,0
https://hmrc-official.loan/suspended-your-account,1
http://paypalrecoverbilling.ga/billing/recover?token=ab62e46a99,1
http://googlebillingsignin.link/signin/billing?token=9bf26e6b64,1
http://dropboxrecoverunlock.tk/unlock/recover?token=e99d78bc24,1
http://apple.signin.013c8.tk/account/signin,1
https://dhl-official.club/suspended-your-account,1
https://www.slack.com/user/settings/profile,0
http://chaseconfirmrecover.xyz/recover/confirm?token=04ebb2ed88,1
http://7e1cea-amazon.tk/wp-admin/webscr/session/085b99aa/webscr.html?redirect=7aa23a7fdde1,1
https://irs.gov/news/technology/latest,0
https://paypal.com/careers,0
https://google.com/about,0
http://137.119.103.152/usps/verify.php?id=d6d4c3,1
http://dhlbillingalert.ga/alert/billing?token=9d6a0a751b,1
http://197.150.60.250/bankofamerica/secure.php?id=1a2b95,1
https://www.harvard.edu/support/contact,0
https://khanacademy.org/search?q=quarterly+earnings,0
http://facebook-suspended-c21d.work/suspended,1
https://zoom.us/pricing,0
http://microsoft-webscr-dbdf.click/webscr,1
https://gov.uk/news/technology/latest,0
https://yelp.com/blog/2026/annual-report,0
https://www.wikipedia.org/pricing,0
https://paypal-official.cf/recover-your-account,1
http://instagram-suspended-058d.click/suspended,1
https://netflix-official.click/confirm-your-account,1
https://salesforce.com/pricing,0
http://368004-netflix.work/wp-admin/billing/session/3375ca6e/billing.html?redirect=3b5ba5d3a176,1
https://www.harvard.edu/about,0
https://www.zoom.us/products/overview,0
https://dropbox-official.top/billing-your-account,1
https://www.irs.gov/blog/2026/annual-report,0
http://chasewebscrsignin.loan/signin/webscr?token=55628fe1d2,1
http://wellsfargo.verify.3774c.link/account/verify,1
https://www.spotify.com/en-us/download,0
http://95.116.159.176/microsoft/secure.php?id=6ead21,1
https://slack.com/search?q=quarterly+earnings,0
http://fedex.confirm.2ed11.tk/account/confirm,1
https://notion.so/en-us/download,0
http://dropbox-unlock-bed5.gq/unlock,1
https://amazon.com/watch?v=dQw4w9WgXcQ,0
http://fedexconfirmconfirm.link/confirm/confirm?token=91638cbf87,1
http://dhlupdatebilling.cf/billing/update?token=5bb3993ad7,1
https://github.com/,0
https://mit.edu/help/account-recovery,0
https://www.linkedin.com/watch?v=dQw4w9WgXcQ,0
https://irs-official.tk/secure-your-account,1
http://bankofamerica.update.45a5e.click/account/update,1
https://www.quora.com/,0
https://www.github.com/about,0
http://irs.suspended.52901.gq/account/suspended,1
https://www.yelp.com/,0
http://81.82.168.75/ebay/recover.php?id=6ccf41,1
http://31195b-dropbox.ml/wp-admin/update/session/290a06d2/update.html?redirect=9f0fcece2120,1
https://coursera.org/en-us/download,0
https://nasa.gov/search?q=quarterly+earnings,0
https://coursera.org/help/account-recovery,0
https://apple.com/search?q=quarterly+earnings,0
http://uspsupdateupdate.loan/update/update?token=3cbc6669ba,1
http://microsoftupdateconfirm.club/confirm/update?token=edb3671f44,1
http://appleupdaterecover.top/recover/update?token=e24cc66428,1
https://yelp.com/docs/getting-started,0
http://google.account.f4489.tk/account/account,1
http://973e5d-netflix.gq/wp-admin/login/session/50986927/login.html?redirect=c75f77cb481e,1
http://c2d094-fedex.gq/wp-admin/login/session/5e1d3c04/login.html?redirect=9843e547fa41,1
http://d4eac8-microsoft.xyz/wp-admin/signin/session/982a4b84/signin.html?redirect=e0b34bc6c62f,1
http://249.190.140.250/microsoft/secure.php?id=9e84ea,1
http://5bd71c-apple.loan/wp-admin/suspended/session/464a2891/suspended.html?redirect=567f6c31cc2e,1
http://google.login.52c5f.tk/account/login,1
https://www.amazon.com/docs/getting-started,0
https://ebay.com/,0
http://68.54.64.178/apple/update.php?id=4fc48a,1
http://fedex.signin.60ee9.review/account/signin,1
http://32.147.174.140/chase/alert.php?id=949523,1
http://139.250.42.137/bankofamerica/update.php?id=b45e58,1
http://65357f-google.club/wp-admin/update/session/2d88fe57/update.html?redirect=a50d03be674b,1
http://facebookwebscralert.loan/alert/webscr?token=17cda09ce1,1
https://www.khanacademy.org/blog/2026/annual-report,0
https://nytimes.com/search?q=quarterly+earnings,0
https://wordpress.com/news/technology/latest,0
https://www.amazon.com/pricing,0
http://facebook.signin.517fc.work/account/signin,1
http://microsoft.login.85c6f.top/account/login,1
https://amazon.com/en-us/download,0
http://65.192.5.92/apple/suspended.php?id=a69b65,1
http://32.71.17.88/ebay/billing.php?id=dfc3c6,1
http://4b5bd6-apple.gdn/wp-admin/unlock/session/58b55fc0/unlock.html?redirect=e41d90145272,1
http://bankofamerica.suspended.f76c5.cf/account/suspended,1
https://netflix.com/blog/2026/annual-report,0
https://mozilla.org/blog/2026/annual-report,0
http://98.175.181.100/microsoft/secure.php?id=869391,1
http://176.28.124.17/chase/billing.php?id=6da533,1
http://14.170.191.83/dropbox/alert.php?id=14bfba,1
https://gov.uk/blog/2026/annual-report,0
https://www.cloudflare.com/careers,0
http://irs-confirm-c8d1.xyz/confirm,1
https://microsoft-official.ml/verify-your-account,1
https://www.wikipedia.org/en-us/download,0
http://69.16.82.119/linkedin/login.php?id=01196d,1
http://172.89.207.139/irs/billing.php?id=12bedc,1
https://airbnb.com/news/technology/latest,0
https://netflix-official.work/secure-your-account,1
https://netflix-official.link/signin-your-account,1
http://110.249.80.233/linkedin/recover.php?id=c6171e,1
https://yelp.com/support/contact,0
https://adobe.com/pricing,0
https://slack.com/products/overview,0
http://134.87.174.177/google/confirm.php?id=d26810,1
https://booking.com/pricing,0
https://medium.com/products/overview,0
http://amazon-unlock-9e5c.review/unlock,1
https://amazon.com/search?q=quarterly+earnings,0
https://www.wikipedia.org/support/contact,0
http://0739df-dropbox.ml/wp-admin/secure/session/2d46e4f4/secure.html?redirect=9c4a861a1ad3,1
https://figma.com,0
https://quora.com/support/contact,0
http://49.219.152.162/microsoft/confirm.php?id=1709df,1
https://google-official.cf/signin-your-account,1
https://spotify.com/products/overview,0
https://www.harvard.edu/pricing,0
https://www.paypal.com/en-us/download,0
https://gov.uk/blog/2026/annual-report,0
https://linkedin.com/watch?v=dQw4w9WgXcQ,0
https://python.org/docs/getting-started,0
https://www.figma.com/about,0
http://59f03c-linkedin.bid/wp-admin/signin/session/9ef0f9d7/signin.html?redirect=9310ba525ffb,1
https://www.adobe.com/support/contact,0
http://ebay.confirm.3f216.cf/account/confirm,1
https://harvard.edu/support/contact,0
http://cf8666-linkedin.link/wp-admin/billing/session/20faf0a8/billing.html?redirect=23132df1b13b,1
https://google-official.ml/alert-your-account,1
http://186.164.43.54/apple/verify.php?id=e97618,1
https://netflix-official.xyz/suspended-your-account,1
http://google.update.b8ac8.top/account/update,1
https://coursera.org/blog/2026/annual-report,0
https://www.dropbox.com/user/settings/profile,0
https://apple.com/products/overview,0
https://salesforce.com/user/settings/profile,0
https://shopify.com/pricing,0
https://slack.com/pricing,0
https://amazon.com/blog/2026/annual-report,0
https://zoom.us/docs/getting-started,0
https://ebay-official.review/account-your-account,1
http://164.246.180.93/paypal/recover.php?id=bb1263,1
http://usps-suspended-9adf.cf/suspended,1
http://fedex-verify-ef2c.gq/verify,1
http://irs-billing-9a91.bid/billing,1
https://figma.com/docs/getting-started,0
https://www.cloudflare.com/docs/getting-started,0
https://irs.gov/,0
https://www.figma.com/careers,0
http://netflix.login.dca97.tk/account/login,1
http://wellsfargowebscrsuspended.xyz/suspended/webscr?token=368532598d,1
http://microsoft.secure.b9d2b.ml/account/secure,1
http://dropboxsigninlogin.ga/login/signin?token=227526079f,1
http://appleverifylogin.bid/login/verify?token=a9535e84f3,1
https://medium.com/search?q=quarterly+earnings,0
https://wordpress.com,0
http://b38e94-paypal.gq/wp-admin/update/session/50db1b0e/update.html?redirect=30e052e7c226,1
http://113.92.46.56/microsoft/suspended.php?id=6fca2e,1
http://dhlsigninconfirm.gq/confirm/signin?token=13c374ccc1,1
http://74db10-bankofamerica.club/wp-admin/login/session/92bc2bf4/login.html?redirect=a0e6c3f1646e,1
https://zoom.us/news/technology/latest,0
https://wellsfargo-official.ml/verify-your-account,1
https://slack.com/pricing,0
http://183.250.148.161/microsoft/webscr.php?id=a472c2,1
https://google-official.cf/signin-your-account,1
https://www.cloudflare.com/blog/2026/annual-report,0
https://microsoft-official.club/verify-your-account,1
http://dhl-recover-ef4b.ga/recover,1
https://khanacademy.org/support/contact,0
http://45238d-facebook.review/wp-admin/signin/session/9bc90d63/signin.html?redirect=7bee0478e4fc,1
http://bankofamerica-signin-e493.club/signin,1
https://nasa.gov/careers,0
https://bbc.co.uk/about,0
https://www.yelp.com/about,0
http://24ab7d-hmrc.work/wp-admin/billing/session/684688bb/billing.html?redirect=f3f97e369d99,1
https://hmrc-official.link/confirm-your-account,1
https://google.com/products/overview,0
https://www.dropbox.com/support/contact,0
http://231.15.207.220/google/recover.php?id=2230e1,1
https://www.reddit.com/user/settings/profile,0
http://567017-microsoft.bid/wp-admin/verify/session/d4d8de95/verify.html?redirect=3bc49d638381,1
https://wordpress.com/,0
https://www.amazon.com/news/technology/latest,0
https://www.notion.so/docs/getting-started,0
https://spotify.com/news/technology/latest,0
http://hmrc.recover.c3b4a.club/account/recover,1
https://bbc.co.uk/,0
https://dhl-official.top/account-your-account,1
https://www.python.org/search?q=quarterly+earnings,0
https://ebay.com/,0
https://cloudflare.com/careers,0
https://www.figma.com/products/overview,0
http://facebookalertupdate.cf/update/alert?token=38eefab549,1
http://microsoft.update.12b16.xyz/account/update,1
https://notion.so,0
https://mozilla.org/docs/getting-started,0
http://1.160.196.65/facebook/alert.php?id=83fde0,1
http://607092-dropbox.review/wp-admin/login/session/434e94bb/login.html?redirect=d8adf88a70e3,1
https://www.quora.com,0
http://3a731a-hmrc.club/wp-admin/webscr/session/507761f6/webscr.html?redirect=612c7123270c,1
https://www.booking.com/help/account-recovery,0
https://www.dropbox.com/help/account-recovery,0
https://twitch.tv/watch?v=dQw4w9WgXcQ,0
https://www.salesforce.com/user/settings/profile,0
https://microsoft.com/support/contact,0
http://microsoftbillingsuspended.gq/suspended/billing?token=e0a37d2e7d,1
http://161.78.158.137/wellsfargo/account.php?id=3c202e,1
https://salesforce.com/en-us/download,0
http://ebaysigninverify.gq/verify/signin?token=f9113e8b77,1
http://amazon-login-ff3f.top/login,1
https://dropbox.com/en-us/download,0
https://www.booking.com/search?q=quarterly+earnings,0
https://shopify.com/search?q=quarterly+earnings,0
http://wellsfargo.confirm.3cdc4.loan/account/confirm,1
https://www.paypal.com/search?q=quarterly+earnings,0
http://63.12.121.94/bankofamerica/confirm.php?id=dd1aba,1
http://223.233.86.78/linkedin/recover.php?id=bc0090,1
http://3e35ae-linkedin.review/wp-admin/webscr/session/dba6c305/webscr.html?redirect=07eff120dfb8,1
https://www.quora.com/about,0
https://www.wordpress.com/news/technology/latest,0
http://paypalrecoverwebscr.tk/webscr/recover?token=f8ea6034cd,1
https://www.mit.edu/about,0
http://234.147.230.2/paypal/alert.php?id=11471e,1
https://www.wordpress.com/support/contact,0
http://wellsfargo.suspended.e7489.bid/account/suspended,1
https://www.amazon.com/support/contact,0
http://ebaysecurebilling.top/billing/secure?token=b05a40aa11,1
https://www.figma.com/docs/getting-started,0
https://linkedin-official.xyz/recover-your-account,1
http://instagram.alert.e8b0e.tk/account/alert,1
https://harvard.edu/user/settings/profile,0
http://irs.account.b1849.loan/account/account,1
https://airbnb.com/careers,0
https://www.zoom.us/products/overview,0
https://amazon-official.xyz/billing-your-account,1
http://74.121.137.3/dropbox/signin.php?id=e3aae5,1
https://adobe.com/pricing,0
https://www.apple.com/careers,0
https://booking.com/help/account-recovery,0
https://github.com/support/contact,0
https://notion.so/about,0
https://www.adobe.com/blog/2026/annual-report,0
https://paypal.com/docs/getting-started,0
https://nytimes.com/search?q=quarterly+earnings,0
https://dropbox.com/en-us/download,0
https://nasa.gov/products/overview,0
http://bankofamericaunlocksignin.gq/signin/unlock?token=be88cdfe67,1
http://90.115.11.187/microsoft/login.php?id=3387f8,1
http://dhl.signin.bcbd7.top/account/signin,1
https://dropbox.com/careers,0
https://paypal.com/careers,0
https://www.wordpress.com/blog/2026/annual-report,0
http://312e76-hmrc.link/wp-admin/verify/session/c8967b5c/verify.html?redirect=d15fb647dad2,1
https://www.khanacademy.org/,0
http://242.52.35.200/instagram/webscr.php?id=44821c,1
https://www.shopify.com/blog/2026/annual-report,0
https://www.mozilla.org/support/contact,0
https://booking.com/blog/2026/annual-report,0
http://microsoft-update-e13e.ga/update,1
http://linkedin.signin.dfc50.xyz/account/signin,1
https://www.figma.com/careers,0
http://925a43-wellsfargo.loan/wp-admin/secure/session/329d1e38/secure.html?redirect=427c080795bf,1
http://97.244.27.201/google/verify.php?id=12ad61,1
https://www.microsoft.com/help/account-recovery,0
http://irs.billing.7d508.gq/account/billing,1
http://netflixsecureverify.gdn/verify/secure?token=7141742c5d,1
http://irs-unlock-036b.cf/unlock,1
https://dropbox.com/watch?v=dQw4w9WgXcQ,0
https://netflix.com/careers,0
http://instagramaccountrecover.ga/recover/account?token=ba820ff9ce,1
https://www.irs.gov/pricing,0
https://shopify.com/,0
http://microsoft-verify-e899.gdn/verify,1
https://www.amazon.com/products/overview,0
https://cloudflare.com/help/account-recovery,0
https://bbc.co.uk/,0
https://dropbox-official.link/secure-your-account,1
http://a9caaf-linkedin.ga/wp-admin/webscr/session/c379e0e2/webscr.html?redirect=871fbf9c357a,1
https://ebay-official.bid/confirm-your-account,1
https://yelp.com/about,0
http://paypalaccountverify.gdn/verify/account?token=62129de9c4,1
http://56.88.108.80/netflix/alert.php?id=a1cea9,1
http://usps.webscr.c4667.review/account/webscr,1
http://linkedin.login.0f663.link/account/login,1
http://linkedinwebscrlogin.click/login/webscr?token=71a8687d4a,1
https://chase-official.ml/alert-your-account,1
http://hmrcsuspendedsuspended.tk/suspended/suspended?token=56f8d84aa0,1
http://cdfac0-chase.work/wp-admin/account/session/07d07cea/account.html?redirect=84bccbf2c127,1
http://linkedin.billing.ef01b.top/account/billing,1
https://irs-official.review/account-your-account,1
http://86ab3a-google.club/wp-admin/account/session/e3a3104a/account.html?redirect=2edb85ee2511,1
http://linkedin.verify.cc49a.top/account/verify,1
http://facebookconfirmwebscr.bid/webscr/confirm?token=4c8a503318,1
https://amazon.com/,0
http://bankofamericaalertwebscr.review/webscr/alert?token=ad8508a1a2,1
https://python.org,0
http://61.30.11.82/irs/verify.php?id=f3ffef,1
http://95.48.115.12/linkedin/billing.php?id=2c6f56,1
https://mozilla.org/news/technology/latest,0
https://www.adobe.com/watch?v=dQw4w9WgXcQ,0
https://adobe.com/user/settings/profile,0
http://7fbd40-bankofamerica.gdn/wp-admin/unlock/session/072331db/unlock.html?redirect=69eb5a7c390d,1
https://coursera.org,0
https://khanacademy.org/blog/2026/annual-report,0
https://harvard.edu/products/overview,0
http://b98390-netflix.gdn/wp-admin/confirm/session/f5482fce/confirm.html?redirect=83258a6fa514,1
http://linkedinbillingverify.club/verify/billing?token=77e9a67c3e,1
https://microsoft-official.tk/login-your-account,1
https://zoom.us/docs/getting-started,0
http://42c970-usps.click/wp-admin/login/session/5c337407/login.html?redirect=628faf90827b,1
http://122.184.95.211/microsoft/account.php?id=7912e5,1
http://google.signin.ad168.cf/account/signin,1
http://dd1a45-dropbox.club/wp-admin/alert/session/35dbf9e7/alert.html?redirect=d200d60804d7,1
https://google.com/support/contact,0
https://www.khanacademy.org/products/overview,0
http://8.189.158.227/fedex/signin.php?id=16ff76,1
http://628587-google.link/wp-admin/unlock/session/ffae12c0/unlock.html?redirect=f6ddc9ba6cd2,1
http://amazon.confirm.75b33.work/account/confirm,1
http://97.197.141.238/fedex/account.php?id=577410,1
http://netflix-update-1389.tk/update,1
http://bankofamerica-suspended-e1aa.top/suspended,1
http://fa681d-facebook.bid/wp-admin/confirm/session/8dedab1e/confirm.html?redirect=065c2cac08ec,1
http://7ada6e-fedex.gdn/wp-admin/confirm/session/bb02f32e/confirm.html?redirect=b30b58d1613b,1
https://www.shopify.com/en-us/download,0
https://ebay.com/support/contact,0
http://chase-update-d910.loan/update,1
https://figma.com/about,0
https://www.wordpress.com,0
https://shopify.com/help/account-recovery,0
http://9a4000-microsoft.club/wp-admin/confirm/session/29ea6b2f/confirm.html?redirect=b302b8ac625d,1
https://twitch.tv/careers,0
https://nytimes.com/en-us/download,0
http://dropbox-signin-7565.ga/signin,1
http://dhlaccountverify.cf/verify/account?token=934ede0b86,1
http://41.137.57.35/facebook/unlock.php?id=3866a9,1
https://www.adobe.com/watch?v=dQw4w9WgXcQ,0
http://7a10cd-microsoft.review/wp-admin/secure/session/b8b1b681/secure.html?redirect=0be314413e17,1
https://medium.com/watch?v=dQw4w9WgXcQ,0
https://amazon.com/about,0
https://www.wikipedia.org,0
https://dhl-official.tk/confirm-your-account,1
https://notion.so/support/contact,0
http://google.alert.c3a6b.ga/account/alert,1
https://fedex-official.xyz/alert-your-account,1
https://www.booking.com/pricing,0
https://salesforce.com/search?q=quarterly+earnings,0
https://amazon-official.cf/verify-your-account,1
http://facebook-unlock-7cdb.link/unlock,1
http://ebay.suspended.bde3f.ga/account/suspended,1
https://shopify.com/news/technology/latest,0
http://125.212.231.177/facebook/login.php?id=60c49f,1
http://bankofamerica-unlock-c39a.tk/unlock,1
http://7e67f9-netflix.top/wp-admin/suspended/session/ff93ef48/suspended.html?redirect=b5a9e0697978,1
http://fedexupdatelogin.ga/login/update?token=8ab13496fa,1
https://www.salesforce.com/watch?v=dQw4w9WgXcQ,0
https://notion.so/,0
https://www.amazon.com/about,0
https://booking.com/,0
http://facebook-secure-2dc4.xyz/secure,1
https://nytimes.com/news/technology/latest,0
http://irs.unlock.6a002.review/account/unlock,1
https://slack.com,0
https://wellsfargo-official.work/secure-your-account,1
http://c86285-linkedin.loan/wp-admin/webscr/session/addcd91a/webscr.html?redirect=92df6973ed4c,1
https://booking.com/watch?v=dQw4w9WgXcQ,0
https://chase-official.club/update-your-account,1
http://63.123.9.236/dropbox/suspended.php?id=95b671,1
https://www.irs.gov/pricing,0
http://4664d9-hmrc.tk/wp-admin/unlock/session/d0494f35/unlock.html?redirect=709c032b361c,1
https://shopify.com/search?q=quarterly+earnings,0
http://467126-netflix.top/wp-admin/login/session/438ee734/login.html?redirect=00035ef4d597,1
https://zoom.us/docs/getting-started,0
https://netflix.com/pricing,0
http://98.175.110.45/microsoft/secure.php?id=bf769a,1
https://www.bbc.co.uk/careers,0
http://linkedinrecoversignin.review/signin/recover?token=4ba2081500,1
http://amazonrecoverupdate.cf/update/recover?token=5ecdb1e3a4,1
https://www.airbnb.com/careers,0
https://shopify.com/pricing,0
https://spotify.com/pricing,0
https://netflix.com/watch?v=dQw4w9WgXcQ,0
https://amazon.com/search?q=quarterly+earnings,0
http://fedexbillingconfirm.work/confirm/billing?token=ef873591c8,1
http://93563c-linkedin.loan/wp-admin/recover/session/eea0da0a/recover.html?redirect=09e170c38e97,1
http://166.20.92.231/hmrc/account.php?id=6af812,1
http://irsverifysignin.xyz/signin/verify?token=9952c7c7f3,1
http://038155-microsoft.gdn/wp-admin/account/session/f7cdee00/account.html?redirect=65471b03e41b,1
https://www.figma.com/en-us/download,0
https://coursera.org/watch?v=dQw4w9WgXcQ,0
http://a5de67-chase.link/wp-admin/alert/session/fbd59fbd/alert.html?redirect=47e61bd1693f,1
https://www.mozilla.org/docs/getting-started,0
http://instagram.unlock.6606c.work/account/unlock,1
https://www.booking.com/,0
https://wellsfargo-official.cf/verify-your-account,1
https://harvard.edu,0
https://www.shopify.com,0
https://medium.com/careers,0
http://facebook-account-38c0.xyz/account,1
http://dhl.alert.18568.review/account/alert,1
https://dropbox-official.ga/webscr-your-account,1
https://www.coursera.org/careers,0
http://f130ad-hmrc.review/wp-admin/billing/session/a8d077b4/billing.html?redirect=50a032c334ad,1
http://77.245.164.214/usps/confirm.php?id=81aae2,1
https://zoom.us/search?q=quarterly+earnings,0
https://gov.uk,0
https://www.cloudflare.com/watch?v=dQw4w9WgXcQ,0
http://180.222.34.64/usps/confirm.php?id=de7b2e,1
http://hmrc-update-a118.gdn/update,1
https://twitch.tv/products/overview,0
https://www.wikipedia.org/watch?v=dQw4w9WgXcQ,0
http://linkedinsigninalert.xyz/alert/signin?token=93c7bd6f07,1
https://dropbox.com/products/overview,0
https://www.coursera.org/watch?v=dQw4w9WgXcQ,0
https://www.stackoverflow.com/watch?v=dQw4w9WgXcQ,0
https://www.microsoft.com/pricing,0
https://www.netflix.com/pricing,0
https://twitch.tv/products/overview,0
https://coursera.org/blog/2026/annual-report,0
https://www.gov.uk/watch?v=dQw4w9WgXcQ,0
https://coursera.org/pricing,0
http://dhl-alert-79ff.tk/alert,1
http://85.92.229.113/instagram/signin.php?id=ddbaef,1
https://zoom.us/user/settings/profile,0
https://microsoft.com/search?q=quarterly+earnings,0
https://www.salesforce.com/support/contact,0
http://usps-recover-3dc0.review/recover,1
https://mit.edu/help/account-recovery,0
http://64bf6a-bankofamerica.cf/wp-admin/login/session/ce97cc21/login.html?redirect=5cb663bf98a0,1
http://dhlalertbilling.click/billing/alert?token=47533fb32b,1
https://www.mozilla.org/products/overview,0
http://909601-netflix.ga/wp-admin/webscr/session/1c274cd7/webscr.html?redirect=755045a3f58e,1
https://nasa.gov/careers,0
https://www.stackoverflow.com/blog/2026/annual-report,0
https://www.gov.uk/blog/2026/annual-report,0
https://medium.com/products/overview,0
http://dropbox.signin.3e8c6.xyz/account/signin,1
https://mozilla.org/docs/getting-started,0
https://stackoverflow.com/products/overview,0
http://usps-billing-6e1b.ga/billing,1
https://spotify.com/watch?v=dQw4w9WgXcQ,0
https://ebay.com/user/settings/profile,0
https://wordpress.com/blog/2026/annual-report,0
http://dropbox.account.a46d7.xyz/account/account,1
https://dropbox-official.bid/verify-your-account,1
https://shopify.com/blog/2026/annual-report,0
https://figma.com,0
https://cloudflare.com/support/contact,0
http://apple-secure-0ddc.click/secure,1
https://www.netflix.com/support/contact,0
http://b9abc4-fedex.link/wp-admin/verify/session/3c75c6e1/verify.html?redirect=dd29c1d44617,1
https://cloudflare.com/pricing,0
http://83f77e-irs.top/wp-admin/alert/session/ce0394c6/alert.html?redirect=ca727f8e0f63,1
https://www.python.org/pricing,0
https://fedex-official.xyz/account-your-account,1
http://google-signin-00cf.cf/signin,1
https://paypal.com/,0
http://microsoft.account.b0c8a.review/account/account,1
https://www.zoom.us/docs/getting-started,0
https://bankofamerica-official.work/webscr-your-account,1
http://e6b20e-netflix.ml/wp-admin/update/session/7a0cb673/update.html?redirect=11479b7b3d25,1
https://figma.com/en-us/download,0
https://www.quora.com/pricing,0
http://netflix.alert.9fbbc.bid/account/alert,1
https://salesforce.com/careers,0
http://microsoft-unlock-c937.loan/unlock,1
https://ebay.com/watch?v=dQw4w9WgXcQ,0
http://138.108.123.191/dhl/secure.php?id=476fde,1
https://khanacademy.org/watch?v=dQw4w9WgXcQ,0
